title	url
Arroyo's Mexican Cafe (Stockton)	https://www.tripadvisor.com/Restaurant_Review-g33130-d513544-Reviews-Arroyo_s_Mexican_Cafe-Stockton_California.html
In-N-Out Burger (Stockton)	https://www.tripadvisor.com/Restaurant_Review-g33130-d3666320-Reviews-In_N_Out_Burger-Stockton_California.html
Starbucks (Stockton)	https://www.tripadvisor.com/Restaurant_Review-g33130-d4113477-Reviews-Starbucks-Stockton_California.html
Waterloo (Stockton)	https://www.tripadvisor.com/Restaurant_Review-g33130-d2224396-Reviews-Waterloo-Stockton_California.html
Market Tavern (Stockton)	https://www.tripadvisor.com/Restaurant_Review-g33130-d6031429-Reviews-Market_Tavern-Stockton_California.html
Cocoro Japanese Bistro & Sushi (Stockton)	https://www.tripadvisor.com/Restaurant_Review-g33130-d468722-Reviews-Cocoro_Japanese_Bistro_Sushi-Stockton_California.html
Prime Table Steakhouse (Stockton)	https://www.tripadvisor.com/Restaurant_Review-g33130-d11913784-Reviews-Prime_Table_Steakhouse-Stockton_California.html
Pier Market Seafood Restaurant (San Francisco)	https://www.tripadvisor.com/Restaurant_Review-g60713-d480544-Reviews-Pier_Market_Seafood_Restaurant-San_Francisco_California.html
Mersea Restaurant & Bar (San Francisco)	https://www.tripadvisor.com/Restaurant_Review-g60713-d13497261-Reviews-Mersea_Restaurant_Bar-San_Francisco_California.html
In-N-Out Burger (San Francisco)	https://www.tripadvisor.com/Restaurant_Review-g60713-d1007177-Reviews-In_N_Out_Burger-San_Francisco_California.html
Benu (San Francisco)	https://www.tripadvisor.com/Restaurant_Review-g60713-d1898383-Reviews-Benu-San_Francisco_California.html
Restaurant Gary Danko (San Francisco)	https://www.tripadvisor.com/Restaurant_Review-g60713-d370412-Reviews-Restaurant_Gary_Danko-San_Francisco_California.html
Park Cafe+Restaurant (New York)	https://www.tripadvisor.com/Restaurant_Review-g46915-d14092548-Reviews-Park_Cafe_Restaurant-West_New_York_New_Jersey.html
Pause Cafe (New York)	https://www.tripadvisor.com/Restaurant_Review-g60763-d4650973-Reviews-Pause_Cafe-New_York_City_New_York.html
Nusr-Et Steakhouse New York	https://www.tripadvisor.com/Restaurant_Review-g60763-d13203586-Reviews-Nusr_Et_Steakhouse_New_York-New_York_City_New_York.html
Bluebird London NYC	https://www.tripadvisor.com/Restaurant_Review-g60763-d15058185-Reviews-Bluebird_London_NYC-New_York_City_New_York.html
Ariete (Miamai)	https://www.tripadvisor.com/Restaurant_Review-g34438-d9818282-Reviews-Ariete-Miami_Florida.html
Los Felix (Miamai)	https://www.tripadvisor.com/Restaurant_Review-g34438-d25723361-Reviews-Los_Felix-Miami_Florida.html
Jalapeno Mexican Kitchen (Miamai)	https://www.tripadvisor.com/Restaurant_Review-g34439-d7264892-Reviews-Jalapeno_Mexican_Kitchen-Miami_Beach_Florida.html
Sexy Fish Miami (Miamai)	https://www.tripadvisor.com/Restaurant_Review-g34438-d23873650-Reviews-Sexy_Fish_Miami-Miami_Florida.html
McDonald's (Miami)	https://www.tripadvisor.com/Restaurant_Review-g34438-d4181591-Reviews-McDonald_s-Miami_Florida.html
Commander's Palace (New Orleans)	https://www.tripadvisor.com/Restaurant_Review-g60864-d426290-Reviews-Commander_s_Palace-New_Orleans_Louisiana.html
Pêche Seafood Grill (New Orleans)	https://www.tripadvisor.com/Restaurant_Review-g60864-d4290690-Reviews-Peche_Seafood_Grill-New_Orleans_Louisiana.html
Hard Rock Cafe (New Orleans)	https://www.tripadvisor.com/Restaurant_Review-g60864-d426409-Reviews-Hard_Rock_Cafe-New_Orleans_Louisiana.html
Cornet (New Orleans)	https://www.tripadvisor.com/Restaurant_Review-g60864-d8427211-Reviews-Cornet-New_Orleans_Louisiana.html
Mulate's New Orleans (New Orleans)	https://www.tripadvisor.com/Restaurant_Review-g60864-d477708-Reviews-Mulate_s_New_Orleans-New_Orleans_Louisiana.html
Arroyo’s Mexican Café (Stockton)	https://www.tripadvisor.com/Restaurant_Review-g33130-d513544-Reviews-Arroyo_s_Mexican_Cafe-Stockton_California.html
In-N-Out Burger (Stockton)	https://www.tripadvisor.com/Restaurant_Review-g33130-d3666320-Reviews-In_N_Out_Burger-Stockton_California.html
Cocoro Japanese Bistro & Sushi (Stockton)	https://www.tripadvisor.com/Restaurant_Review-g33130-d468722-Reviews-Cocoro_Japanese_Bistro_Sushi-Stockton_California.html
Market Tavern (Stockton)	https://www.tripadvisor.com/Restaurant_Review-g33130-d6031429-Reviews-Market_Tavern-Stockton_California.html
Dave Wong’s Restaurant (Stockton)	https://www.tripadvisor.com/Restaurant_Review-g33130-d2709601-Reviews-Dave_Wong_s_Restaurant-Stockton_California.html
Angelina’s Spaghetti House (Stockton)	https://www.tripadvisor.com/Restaurant_Review-g33130-d4203822-Reviews-Angelina_s_Spaghetti_House-Stockton_California.html
Breadfruit Tree Restaurant (Stockton)	https://www.tripadvisor.com/Restaurant_Review-g33130-d538743-Reviews-Breadfruit_Tree_Restaurant-Stockton_California.html
Waterloo (Stockton)	https://www.tripadvisor.com/Restaurant_Review-g33130-d2224396-Reviews-Waterloo-Stockton_California.html
Xochimilco Café (Stockton)	https://www.tripadvisor.com/Restaurant_Review-g33130-d2231110-Reviews-Xochimilco_Cafe-Stockton_California.html
Yasoo Yani Restaurant (Stockton)	https://www.tripadvisor.com/Restaurant_Review-g33130-d4951593-Reviews-Yasoo_Yani_Restaurant-Stockton_California.html
Prime Table Steakhouse (Stockton)	https://www.tripadvisor.com/Restaurant_Review-g33130-d11913784-Reviews-or15-Prime_Table_Steakhouse-Stockton_California.html
Bob’s at the Marina (Stockton)	https://www.tripadvisor.com/Restaurant_Review-g33130-d4654391-Reviews-or15-Bobs_at_the_Marina-Stockton_California.html
Bella Vista (Stockton)	https://www.tripadvisor.com/Restaurant_Review-g33130-d12007311-Reviews-Bella_Vista-Stockton_California.html
Cancun Restaurant (Stockton)	https://www.tripadvisor.com/Restaurant_Review-g33130-d4960544-Reviews-Cancun_Restaurant-Stockton_California.html
German Guys (Stockton)	https://www.tripadvisor.com/Restaurant_Review-g33130-d18966593-Reviews-German_Guys-Stockton_California.html
Midgley’s Public House (Stockton)	https://www.tripadvisor.com/Restaurant_Review-g33130-d15023328-Reviews-Midgleys_Public_House-Stockton_California.html
Yen Du Restaurant (Stockton)	https://www.tripadvisor.com/Restaurant_Review-g33130-d19835474-Reviews-Yen_Du_Restaurant-Stockton_California.html
Nena’s Mexican Restaurant (Stockton)	https://www.tripadvisor.com/Restaurant_Review-g33130-d4578475-Reviews-Nena_s_Mexican_Restaurant-Stockton_California.html
Mezzo Restaurant (Stockton)	https://www.tripadvisor.com/Restaurant_Review-g33130-d17588698-Reviews-Mezzo_Restaurant-Stockton_California.html
Prime Table Steakhouse (Stockton)	https://www.tripadvisor.com/Restaurant_Review-g33130-d11913784-Reviews-or15-Prime_Table_Steakhouse-Stockton_California.html
Bob’s at the Marina (Stockton)	https://www.tripadvisor.com/Restaurant_Review-g33130-d4654391-Reviews-or15-Bobs_at_the_Marina-Stockton_California.html 
Top Flight Grill & Catering (Stockton)	https://www.tripadvisor.com/Restaurant_Review-g33130-d5228876-Reviews-Top_Flight_Grill_Catering-Stockton_California.html
Habits Burger & Grill (Stockton)	https://www.tripadvisor.com/Restaurant_Review-g33130-d4197291-Reviews-The_Habit_Burger-Grill-Stockton_California.html
Manny’s California Fresh Café (Stockton)	https://www.tripadvisor.com/Restaurant_Review-g33130-d3143854-Reviews-Manny_s_California_Fresh_Cafe-Stockton_California.html
German Guys Beer Garden (Stockton)	https://www.tripadvisor.com/Restaurant_Review-g33130-d18966594-Reviews-German_Guys_Beer_Garden-Stockton_California.html
Grange Restaurant & Bar (Sacramento)	https://www.tripadvisor.com/Restaurant_Review-g32999-d1370564-Reviews-Grange_Restaurant_Bar-Sacramento_California.html
The Firehouse Restaurant (Sacramento)	https://www.tripadvisor.com/Restaurant_Review-g32999-d1380158-Reviews-The_Firehouse_Restaurant-Sacramento_California.html
The Kitchen Restaurant (Sacramento)	https://www.tripadvisor.com/Restaurant_Review-g32999-d492400-Reviews-The_Kitchen_Restaurant-Sacramento_California.html
The Waterboy (Sacramento)	https://www.tripadvisor.com/Restaurant_Review-g32999-d1401186-Reviews-The_Waterboy-Sacramento_California.html
Tower Café (Sacramento)	https://www.tripadvisor.com/Restaurant_Review-g32999-d1108256-Reviews-Tower_Cafe-Sacramento_California.html
Mikuni Japanese Restaurant & Sushi Bar (Sacramento)	https://www.tripadvisor.com/Restaurant_Review-g32999-d1451826-Reviews-Mikuni_Japanese_Restaurant_Sushi_Bar-Sacramento_California.html
A Taste Above (Sacramento)	https://www.tripadvisor.com/Restaurant_Review-g32999-d15195007-Reviews-A_Taste_Above-Sacramento_California.html
Hook & Ladder (Sacramento)	https://www.tripadvisor.com/Restaurant_Review-g32999-d3732899-Reviews-Hook_Ladder-Sacramento_California.html
Il Fornaio (Sacramento)	https://www.tripadvisor.com/Restaurant_Review-g32999-d264715-Reviews-Il_Fornaio-Sacramento_California.html
Zócalo (Sacramento)	https://www.tripadvisor.com/Restaurant_Review-g32999-d1791839-Reviews-Zocalo-Sacramento_California.html
Brannan Manor (Sacramento)	https://www.tripadvisor.com/Restaurant_Review-g32999-d19636697-Reviews-Brannan_Manor-Sacramento_California.html
Black Bear Diner (Sacramento)	https://www.tripadvisor.com/Restaurant_Review-g32999-d1522702-Reviews-Black_Bear_Diner-Sacramento_California.html
Cafeteria 15L (Sacramento)	https://www.tripadvisor.com/Restaurant_Review-g32999-d585030-Reviews-Cafeteria_15L-Sacramento_California.html
Moxie (Sacramento)	https://www.tripadvisor.com/Restaurant_Review-g32999-d339753-Reviews-Moxie-Sacramento_California.html
Beast & Bounty (Sacramento)	https://www.tripadvisor.com/Restaurant_Review-g32999-d15007087-Reviews-Beast_and_Bounty-Sacramento_California.html
Station 16 (Sacramento)	https://www.tripadvisor.com/Restaurant_Review-g32999-d10542827-Reviews-Station_16-Sacramento_California.html
Tres Hermanas Mexican Restaurant (Sacramento)	https://www.tripadvisor.com/Restaurant_Review-g32999-d1791839-Reviews-Tres_Hermanas_Mexican_Restaurant-Sacramento_California.html
Fox & Goose Public House (Sacramento)	https://www.tripadvisor.com/Restaurant_Review-g32999-d20895118-Reviews-Fox_and_Goose_Public_House-Sacramento_California.html
Joe’s Crab Shack (Sacramento)	https://www.tripadvisor.com/Restaurant_Review-g32999-d1792041-Reviews-Joe_s_Crab_Shack-Sacramento_California.html
El Novillero Restaurant (Sacramento)	https://www.tripadvisor.com/Restaurant_Review-g32999-d2204870-Reviews-El_Novillero_Restaurant-Sacramento_California.html
Burgers And Brew (Sacramento)	https://www.tripadvisor.com/Restaurant_Review-g32999-d2204891-Reviews-Burgers_And_Brew-Sacramento_California.html
Magpie Cafe (Sacramento)	https://www.tripadvisor.com/Restaurant_Review-g32999-d2193845-Reviews-Magpie_Cafe-Sacramento_California.html
Il Fornaio (Sacramento)	https://www.tripadvisor.com/Restaurant_Review-g32999-d264715-Reviews-Il_Fornaio-Sacramento_California.html
Frank Fat’s Restaurant (Sacramento)	https://www.tripadvisor.com/Restaurant_Review-g32999-d3881158-Reviews-Frank_Fat_s_Restaurant-Sacramento_California.html
Tipsy Putt (Sacramento)	https://www.tripadvisor.com/Restaurant_Review-g32999-d2193853-Reviews-Tipsy_Putt-Sacramento_California.html
Mother (Sacramento)	https://www.tripadvisor.com/Restaurant_Review-g32999-d5452396-Reviews-Mother-Sacramento_California.html
Meet & Eat (Sacramento)	https://www.tripadvisor.com/Restaurant_Review-g32999-d9606443-Reviews-Meet_Eat-Sacramento_California.html
Hook & Ladder (Sacramento)	https://www.tripadvisor.com/Restaurant_Review-g32999-d3732899-Reviews-Hook_Ladder-Sacramento_California.html
Brenda’s French Soul Food (San Francisco)	https://www.tripadvisor.com/Restaurant_Review-g60713-d1235272-Reviews-Brenda_s_French_Soul_Food-San_Francisco_California.html
Fog Harbor Fish House (San Francisco)	https://www.tripadvisor.com/Restaurant_Review-g60713-d114608-Reviews-Fog_Harbor_Fish_House-San_Francisco_California.html
Kokkari Estiatorio (San Francisco)	https://www.tripadvisor.com/Restaurant_Review-g60713-d1011272-Reviews-Kokkari_Estiatorio-San_Francisco_California.html
Blue Mermaid Restaurant (San Francisco)	https://www.tripadvisor.com/Restaurant_Review-g60713-d1071462-Reviews-Blue_Mermaid_Restaurant-San_Francisco_California.html
Seven Hills (San Francisco)	https://www.tripadvisor.com/Restaurant_Review-g60713-d1372718-Reviews-Seven_Hills-San_Francisco_California.html
Crab House at Pier 39 (San Francisco)	https://www.tripadvisor.com/Restaurant_Review-g60713-d744157-Reviews-Crab_House_at_Pier_39-San_Francisco_California.html
Saison (San Francisco)	https://www.tripadvisor.com/Restaurant_Review-g60713-d1988168-Reviews-Saison-San_Francisco_California.html
The Progress (San Francisco)	https://www.tripadvisor.com/Restaurant_Review-g60713-d7311918-Reviews-The_Progress-San_Francisco_California.html
Zazie (San Francisco)	https://www.tripadvisor.com/Restaurant_Review-g60713-d368755-Reviews-Zazie-San_Francisco_California.html
Anchor Oyster Bar (San Francisco)	https://www.tripadvisor.com/Restaurant_Review-g60713-d655179-Reviews-Anchor_Oyster_Bar-San_Francisco_California.html
Hog Island Oyster Co. (San Francisco)	https://www.tripadvisor.com/Restaurant_Review-g60713-d235506-Reviews-Hog_Island_Oyster_Co-San_Francisco_California.html
The Codmother Fish & Chips (San Francisco)	https://www.tripadvisor.com/Restaurant_Review-g60713-d1412640-Reviews-The_Codmother_Fish_Chips-San_Francisco_California.html
Quince (San Francisco)	https://www.tripadvisor.com/Restaurant_Review-g60713-d634218-Reviews-Quince-San_Francisco_California.html
Tadich Grill (San Francisco)	https://www.tripadvisor.com/Restaurant_Review-g60713-d477498-Reviews-Tadich_Grill-San_Francisco_California.html
Boulevard (San Francisco)	https://www.tripadvisor.com/Restaurant_Review-g60713-d102661-Reviews-Boulevard-San_Francisco_California.html
Luisa’s Restaurant Wine Bar Since 1959 (San Francisco)	https://www.tripadvisor.com/Restaurant_Review-g60713-d82475-Reviews-Luisa_s_Restaurant_Wine_Bar_Since_1959-San_Francisco_California.html
Scoma’s Restaurant (San Francisco)	https://www.tripadvisor.com/Restaurant_Review-g60713-d32120-Reviews-Scoma_s_Restaurant-San_Francisco_California.html
State Bird Provisions (San Francisco)	https://www.tripadvisor.com/Restaurant_Review-g60713-d1598573-Reviews-State_Bird_Provisions-San_Francisco_California.html
Nopa (San Francisco)	https://www.tripadvisor.com/Restaurant_Review-g60713-d332475-Reviews-Nopa-San_Francisco_California.html
Betty Lou’s Seafood & Grill (San Francisco)	https://www.tripadvisor.com/Restaurant_Review-g60713-d292199-Reviews-Betty_Lou_s_Seafood_and_Grill-San_Francisco_California.html
Pat’s Café (San Francisco)	https://www.tripadvisor.com/Restaurant_Review-g60713-d2193845-Reviews-Pat_s_Cafe-San_Francisco_California.html
Mo’s Grill (San Francisco)	https://www.tripadvisor.com/Restaurant_Review-g60713-d114608-Reviews-Mo_s_Grill-San_Francisco_California.html
Mersea Restaurant & Bar (San Francisco)	https://www.tripadvisor.com/Restaurant_Review-g60713-d682393-Reviews-Mersea_Restaurant_Bar-San_Francisco_California.html
Piccolo Forno (San Francisco)	https://www.tripadvisor.com/Restaurant_Review-g60713-d41411-Reviews-Piccolo_Forno-San_Francisco_California.html
Wipeout Bar & Grill (San Francisco)	https://www.tripadvisor.com/Restaurant_Review-g60713-d2561136-Reviews-Wipeout_Bar_Grill-San_Francisco_California.html
Original Joe’s San Jose (San Jose)	https://www.tripadvisor.com/Restaurant_Review-g33020-d348931-Reviews-Original_Joe_s_San_Jose-San_Jose_California.html
Il Fornaio (San Jose)	https://www.tripadvisor.com/Restaurant_Review-g33020-d264715-Reviews-Il_Fornaio-San_Jose_California.html
The Grill on the Alley (San Jose)	https://www.tripadvisor.com/Restaurant_Review-g33020-d198163-Reviews-The_Grill_on_the_Alley-San_Jose_California.html
The Habit Burger & Grill (San Jose)	https://www.tripadvisor.com/Restaurant_Review-g33020-d4197291-Reviews-The_Habit_Burger_Grill-San_Jose_California.html
Bill’s Cafe (San Jose)	https://www.tripadvisor.com/Restaurant_Review-g33020-d625-Reviews-Bill_s_Cafe-San_Jose_California.html
Smoking Pig BBQ Company (San Jose)	https://www.tripadvisor.com/Restaurant_Review-g33020-d626-Reviews-Smoking_Pig_BBQ_Company-San_Jose_California.html
Fogo de Chão Brazilian Steakhouse (San José)	https://www.tripadvisor.com/Restaurant_Review-g33020-d2532800-Reviews-Fogo_de_Chao_Brazilian_Steakhouse-San_Jose_California.html
La Forêt Restaurant (San José)	https://www.tripadvisor.com/Restaurant_Review-g33020-d1528282-Reviews-La_Foret_Restaurant-San_Jose_California.html
LB Steak (San José)	https://www.tripadvisor.com/Restaurant_Review-g33020-d3289506-Reviews-LB_Steak-San_Jose_California.html
Left Bank Santana Row (San José)	https://www.tripadvisor.com/Restaurant_Review-g33020-d672902-Reviews-Left_Bank_Santana_Row-San_Jose_California.html
La Catalana (San José)	https://www.tripadvisor.com/Restaurant_Review-g33020-d1557746-Reviews-La_Catalana-San_Jose_California.html
Maggiano’s Little Italy (San José)	https://www.tripadvisor.com/Restaurant_Review-g33020-d1601932-Reviews-Maggiano_s_Little_Italy-San_Jose_California.html
Le Papillon (San José)	https://www.tripadvisor.com/Restaurant_Review-g33020-d1891939-Reviews-Le_Papillon-San_Jose_California.html
Aqui Cal-Mex (San José)	https://www.tripadvisor.com/Restaurant_Review-g33020-d1606780-Reviews-Aqui_Cal_Mex-San_Jose_California.html
Good Karma Vegan Cafe (San José)	https://www.tripadvisor.com/Restaurant_Review-g33020-d3601291-Reviews-Good_Karma_Vegan_Cafe-San_Jose_California.html
Falafel Drive-In (San José)	https://www.tripadvisor.com/Restaurant_Review-g33020-d609360-Reviews-Falafel_Drive_In-San_Jose_California.html
Yas Restaurant (San José)	https://www.tripadvisor.com/Restaurant_Review-g33020-d1500794-Reviews-Yas_Restaurant-San_Jose_California.html
Taurinus Brazilian Steakhouse (San José)	https://www.tripadvisor.com/Restaurant_Review-g33020-d2204838-Reviews-Taurinus_Brazilian_Steakhouse-San_Jose_California.html
The Grill on the Alley (San José)	https://www.tripadvisor.com/Restaurant_Review-g33020-d198163-Reviews-The_Grill_on_the_Alley-San_Jose_California.html
MIZU Sushi Bar & Grill (San José)	https://www.tripadvisor.com/Restaurant_Review-g33020-d13072009-Reviews-MIZU_Sushi_Bar_Grill-San_Jose_California.html
Olla Cocina (San José)	https://www.tripadvisor.com/Restaurant_Review-g33020-d1550151-Reviews-Olla_Cocina-San_Jose_California.html
Paesano Ristorante Italiano (San José)	https://www.tripadvisor.com/Restaurant_Review-g33020-d1583165-Reviews-Paesano_Ristorante_Italiano-San_Jose_California.html
Rok Steakhouse & Grill (San José)	https://www.tripadvisor.com/Restaurant_Review-g33020-d1712930-Reviews-Rok_Steakhouse_Grill-San_Jose_California.html
Vegetarian House Vegan (San José)	https://www.tripadvisor.com/Restaurant_Review-g33020-d1549290-Reviews-Vegetarian_House_Vegan-San_Jose_California.html
Veggie Grill - Santana Row (San José)	https://www.tripadvisor.com/Restaurant_Review-g33020-d3615906-Reviews-Veggie_Grill_Santana_Row-San_Jose_California.html
Le Bernardin (New York)	https://www.tripadvisor.com/Restaurant_Review-g60763-d520879-Reviews-Le_Bernardin-New_York_City_New_York.html
Katz’s Delicatessen (New York)	https://www.tripadvisor.com/Restaurant_Review-g60763-d1033863-Reviews-Katz_s_Delicatessen-New_York_City_New_York.html
Joe’s Pizza (Greenwich Village) (New York)	https://www.tripadvisor.com/Restaurant_Review-g60763-d1039247-Reviews-Joe_s_Pizza-New_York_City_New_York.html
Momofuku Noodle Bar (New York)	https://www.tripadvisor.com/Restaurant_Review-g60763-d2355063-Reviews-Momofuku_Noodle_Bar-New_York_City_New_York.html
Shake Shack – Madison Square Park (New York)	https://www.tripadvisor.com/Restaurant_Review-g60763-d13372883-Reviews-Shake_Shack_Madison_Square_Park-New_York_City_New_York.html
Eleven Madison Park (New York)	https://www.tripadvisor.com/Restaurant_Review-g60763-d1891939-Reviews-Eleven_Madison_Park-New_York_City_New_York.html
Le Bernardin (New York)	https://www.tripadvisor.com/Restaurant_Review-g60763-d520879-Reviews-Le_Bernardin-New_York_City_New_York.html
Katz’s Delicatessen (New York)	https://www.tripadvisor.com/Restaurant_Review-g60763-d1033863-Reviews-Katz_s_Delicatessen-New_York_City_New_York.html
Joe’s Pizza (Greenwich Village) (New York)	https://www.tripadvisor.com/Restaurant_Review-g60763-d1039247-Reviews-Joe_s_Pizza-New_York_City_New_York.html
Momofuku Noodle Bar (New York)	https://www.tripadvisor.com/Restaurant_Review-g60763-d2355063-Reviews-Momofuku_Noodle_Bar-New_York_City_New_York.html
Shake Shack – Madison Square Park (New York)	https://www.tripadvisor.com/Restaurant_Review-g60763-d13372883-Reviews-Shake_Shack_Madison_Square_Park-New_York_City_New_York.html
Eleven Madison Park (New York)	https://www.tripadvisor.com/Restaurant_Review-g60763-d1891939-Reviews-Eleven_Madison_Park-New_York_City_New_York.html
Piccola Cucina Osteria (New York)	https://www.tripadvisor.com/Restaurant_Review-g60763-d349735-Reviews-Piccola_Cucina_Osteria-New_York_City_New_York.html
Anchor Oyster Bar (New York)	https://www.tripadvisor.com/Restaurant_Review-g60763-d655179-Reviews-Anchor_Oyster_Bar-New_York_City_New_York.html
Hog Island Oyster Co. (New York)	https://www.tripadvisor.com/Restaurant_Review-g60763-d235506-Reviews-Hog_Island_Oyster_Co-San_Francisco_California.html
The Codmother Fish & Chips (New York)	https://www.tripadvisor.com/Restaurant_Review-g60763-d1412640-Reviews-The_Codmother_Fish_Chips-New_York_City_New_York.html
Quince (New York)	https://www.tripadvisor.com/Restaurant_Review-g60763-d634218-Reviews-Quince-New_York_City_New_York.html
Tadich Grill (New York)	https://www.tripadvisor.com/Restaurant_Review-g60763-d477498-Reviews-Tadich_Grill-New_York_City_New_York.html
Boulevard (New York)	https://www.tripadvisor.com/Restaurant_Review-g60763-d102661-Reviews-Boulevard-New_York_City_New_York.html
Luisa’s Restaurant Wine Bar Since 1959 (New York)	https://www.tripadvisor.com/Restaurant_Review-g60763-d82475-Reviews-Luisa_s_Restaurant_Wine_Bar_Since_1959-New_York_City_New_York.html
Saison (New York)	https://www.tripadvisor.com/Restaurant_Review-g60763-d1988168-Reviews-Saison-New_York_City_New_York.html
The Progress (New York)	https://www.tripadvisor.com/Restaurant_Review-g60763-d7311918-Reviews-The_Progress-New_York_City_New_York.html
Zazie (New York)	https://www.tripadvisor.com/Restaurant_Review-g60763-d368755-Reviews-Zazie-New_York_City_New_York.html
Numero 28 Pizzeria (New York)	https://www.tripadvisor.com/Restaurant_Review-g60763-d1920-Reviews-Numero_28_Pizzeria-New_York_City_New_York.html
Olio E Più (New York)	https://www.tripadvisor.com/Restaurant_Review-g60763-d3854-Reviews-Olio_E_Più-New_York_City_New_York.html
Versailles Restaurant (Miami)	https://www.tripadvisor.com/Restaurant_Review-g34438-d431863-Reviews-Versailles_Restaurant-Miami_Florida.html
Michael’s Genuine Food & Drink (Miami)	https://www.tripadvisor.com/Restaurant_Review-g34438-d663618-Reviews-Michael_s_Genuine_Food_Drink-Miami_Florida.html
Nusr-Et Steakhouse (Miami)	https://www.tripadvisor.com/Restaurant_Review-g34438-d13137471-Reviews-Nusr_Et_Steakhouse-Miami-Florida.html
Barton G. The Restaurant (Miami Beach)	https://www.tripadvisor.com/Restaurant_Review-g34439-d466634-Reviews-Barton_G_The_Restaurant-Miami_Beach_Florida.html
OLA Restaurant (Miami Beach)	https://www.tripadvisor.com/Restaurant_Review-g34439-d501579-Reviews-OLA_Restaurant-Miami_Beach_Florida.html
Gordon Ramsay Hell’s Kitchen (Miami)	https://www.tripadvisor.com/Restaurant_Review-g34438-d26637643-Reviews-Gordon_Ramsay_Hell_s_Kitchen-Miami_Florida.html
Cipriani Downtown Miami (Miami)	https://www.tripadvisor.com/Restaurant_Review-g34438-d4339322-Reviews-Cipriani_Downtown_Miami-Miami_Florida.html
Torno Subito (Miami)	https://www.tripadvisor.com/Restaurant_Review-g34438-d28132109-Reviews-Torno_Subito-Miami_Florida.html
La Mar by Gastón Acurio (Miami)	https://www.tripadvisor.com/Restaurant_Review-g34438-d1451826-Reviews-La_Mar_by_Gaston_Acurio-Miami_Florida.html
Zuma Miami (Miami)	https://www.tripadvisor.com/Restaurant_Review-g34438-d3746486-Reviews-Zuma-Miami-Miami_Florida.html
La Ventana (Miami Beach)	https://www.tripadvisor.com/Restaurant_Review-g34439-d13223411-Reviews-La_Ventana-Miami_Beach_Florida.html
Pane e Vino (Miami Beach)	https://www.tripadvisor.com/Restaurant_Review-g34439-d14143252-Reviews-Pane_e_Vino-Miami_Beach_Florida.html
CRAFT South Beach - Espanola Way (Miami Beach)	https://www.tripadvisor.com/Restaurant_Review-g34439-d1851638-Reviews-CRAFT_South_Beach-Espanola_Way_Miami_Beach_Florida.html
Casa Neos (Miami)	https://www.tripadvisor.com/Restaurant_Review-g34438-d3881158-Reviews-Casa_Neos-Miami_Florida.html
The Capital Grille (Miami)	https://www.tripadvisor.com/Restaurant_Review-g34438-d1364521-Reviews-The_Capital_Grille-Miami_Florida.html
Aromas del Peru (Miami)	https://www.tripadvisor.com/Restaurant_Review-g34438-d675385-Reviews-Aromas_del_Peru-Miami_Florida.html
Bubba Gump Shrimp Co. (Miami)	https://www.tripadvisor.com/Restaurant_Review-g34438-d1125293-Reviews-Bubba_Gump_Shrimp_Co-Miami_Florida.html
El Mago de las Fritas (Miami)	https://www.tripadvisor.com/Restaurant_Review-g34438-d1045643-Reviews-El_Mago_de_las_Fritas-Miami_Florida.html
BOIA De Restaurant (Miami)	https://www.tripadvisor.com/Restaurant_Review-g34438-d20248589-Reviews-Boia_De_Restaurant-Miami_Florida.html
Carbone (Miami Beach)	https://www.tripadvisor.com/Restaurant_Review-g34439-d23195280-Reviews-Carbone-Miami_Beach_Florida.html
CVI.CHE 105 (Miami)	https://www.tripadvisor.com/Restaurant_Review-g34438-d1528282-Reviews-CVI.CHE_105-Miami_Florida.html
Havana 1957 Cuban Cuisine (Miami)	https://www.tripadvisor.com/Restaurant_Review-g34438-d2143942-Reviews-Havana_1957_Cuban_Cuisine-Miami_Florida.html
On Ocean 7 Cafe (Miami Beach)	https://www.tripadvisor.com/Restaurant_Review-g34439-d10044852-Reviews-On_Ocean_7_Cafe-Miami_Beach_Florida.html
Corallo Miami (Miami)	https://www.tripadvisor.com/Restaurant_Review-g34438-d1102378-Reviews-Corallo_Miami-Miami_Florida.html
La Pata Gorda (Miami Beach)	https://www.tripadvisor.com/Restaurant_Review-g34439-d1528283-Reviews-La_Pata_Gorda-Miami_Beach_Florida.html
Canlis (Seattle)	https://www.tripadvisor.com/Restaurant_Review-g60878-d193278-Reviews-Canlis-Seattle_Washington.html
The Pink Door (Seattle)	https://www.tripadvisor.com/Restaurant_Review-g60878-d368755-Reviews-The_Pink_Door-Seattle_Washington.html
Spinasse (Seattle)	https://www.tripadvisor.com/Restaurant_Review-g60878-d440388-Reviews-Spinasse-Seattle_Washington.html
Matt’s in the Market (Seattle)	https://www.tripadvisor.com/Restaurant_Review-g60878-d477498-Reviews-Matt_s_in_the_Market-Seattle_Washington.html
Tulio (Seattle)	https://www.tripadvisor.com/Restaurant_Review-g60878-d1186106-Reviews-Tulio-Seattle_Washington.html
The Capital Grille (Seattle)	https://www.tripadvisor.com/Restaurant_Review-g60878-d662817-Reviews-The_Capital_Grille-Seattle_Washington.html
Tilikum Place Cafe (Seattle)	https://www.tripadvisor.com/Restaurant_Review-g60878-d1063111-Reviews-Tilikum_Place_Cafe-Seattle_Washington.html
Pike Place Chowder (Seattle)	https://www.tripadvisor.com/Restaurant_Review-g60878-d1428103-Reviews-Pike_Place_Chowder-Seattle_Washington.html
Anthony’s Pier 66 & Bell Street Diner (Seattle)	https://www.tripadvisor.com/Restaurant_Review-g60878-d1326453-Reviews-Anthony_s_Pier_66_Bell_Street_Diner-Seattle_Washington.html
Le Panier (Seattle)	https://www.tripadvisor.com/Restaurant_Review-g60878-d1756921-Reviews-Le_Panier-Seattle_Washington.html
Beecher’s Handmade Cheese (Seattle)	https://www.tripadvisor.com/Restaurant_Review-g60878-d2019006-Reviews-Beecher_s_Handmade_Cheese-Seattle_Washington.html
The Crumpet Shop (Seattle)	https://www.tripadvisor.com/Restaurant_Review-g60878-d854659-Reviews-The_Crumpet_Shop-Seattle_Washington.html
Elliott’s Oyster House (Seattle)	https://www.tripadvisor.com/Restaurant_Review-g60878-d317927-Reviews-Elliott_s_Oyster_House-Seattle_Washington.html
Ivar’s Acres of Clams (Seattle)	https://www.tripadvisor.com/Restaurant_Review-g60878-d303983-Reviews-Ivar_s_Acres_of_Clams-Seattle_Washington.html
Lark Restaurant (Seattle)	https://www.tripadvisor.com/Restaurant_Review-g60878-d448513-Reviews-Lark_Restaurant-Seattle_Washington.html
Iconiq (Seattle)	https://www.tripadvisor.com/Restaurant_Review-g60878-d16875026-Reviews-Iconiq-Seattle_Washington.html
Le Pichet (Seattle)	https://www.tripadvisor.com/Restaurant_Review-g60878-d432613-Reviews-Le_Pichet-Seattle_Washington.html
Waz (Tasting) (Seattle)	https://www.tripadvisor.com/Restaurant_Review-g60878-d13804248-Reviews-Wa_z_Seattle_Washington.html
Boulevard (Seattle)	https://www.tripadvisor.com/Restaurant_Review-g60878-d102661-Reviews-Boulevard-Seattle_Washington.html
Station 16 (Seattle)	https://www.tripadvisor.com/Restaurant_Review-g60878-d10542827-Reviews-Station_16-Seattle_Washington.html
Toulouse Petite (Seattle)	https://www.tripadvisor.com/Restaurant_Review-g60878-d1837910-Reviews-Toulouse_Petite-Seattle_Washington.html
Place Pigalle (Seattle)	https://www.tripadvisor.com/Restaurant_Review-g60878-d1168551-Reviews-Place_Pigalle-Seattle_Washington.html
SeaTac Burger Joint (Seattle)	https://www.tripadvisor.com/Restaurant_Review-g60878-d2284328-Reviews-SeaTac_Burger_Joint-Seattle_Washington.html
Cafe Juanita (Seattle)	https://www.tripadvisor.com/Restaurant_Review-g60878-d1039284-Reviews-Cafe_Juanita-Seattle_Washington.html
Samurai Noodle House (Seattle)	https://www.tripadvisor.com/Restaurant_Review-g60878-d1826422-Reviews-Samurai_Noodle_House-Seattle_Washington.html
Kobe Steakhouse of Japan (Omaha)	https://www.tripadvisor.com/Restaurant_Review-g60885-d1789659-Reviews-Kobe_Steakhouse_of_Japan-Omaha_Nebraska.html
Block 16 (Omaha)	https://www.tripadvisor.com/Restaurant_Review-g60885-d1162825-Reviews-Block_16-Omaha_Nebraska.html
Orsi’s Italian Bakery & Pizzeria (Omaha)	https://www.tripadvisor.com/Restaurant_Review-g60885-d1676329-Reviews-Orsi_s_Italian_Bakery_Pizzeria-Omaha_Nebraska.html
The Drover Steakhouse (Omaha)	https://www.tripadvisor.com/Restaurant_Review-g60885-d1072987-Reviews-The_Drover_Steakhouse-Omaha_Nebraska.html
Upstream Brewing Company (Omaha)	https://www.tripadvisor.com/Restaurant_Review-g60885-d1126516-Reviews-Upstream_Brewing_Company-Omaha_Nebraska.html
Plank Provisions (Omaha)	https://www.tripadvisor.com/Restaurant_Review-g60885-d1409890-Reviews-Plank_Provisions-Omaha_Nebraska.html
Brigtsen’s Restaurant (New Orleans)	https://www.tripadvisor.com/Restaurant_Review-g60864-d557-Reviews-Brigtsen_s_Restaurant-New_Orleans_Louisiana.html
Ruby Slipper (New Orleans)	https://www.tripadvisor.com/Restaurant_Review-g60864-d424-Reviews-Ruby_Slipper-New_Orleans_Louisiana.html
Two Chicks Cafe (New Orleans)	https://www.tripadvisor.com/Restaurant_Review-g60864-d709-Reviews-Two_Chicks_Cafe-New_Orleans_Louisiana.html
Sampan (Philadelphia)	https://www.tripadvisor.com/Restaurant_Review-g60795-d1903121-Reviews-Sampan-Philadelphia_Pennsylvania.html
Talula’s Garden (Philadelphia)	https://www.tripadvisor.com/Restaurant_Review-g60795-d2137068-Reviews-Talula_s_Garden-Philadelphia_Pennsylvania.html
Zahav (Philadelphia)	https://www.tripadvisor.com/Restaurant_Review-g60795-d1070950-Reviews-Zahav-Philadelphia_Pennsylvania.html
Reading Terminal Market (Philadelphia)	https://www.tripadvisor.com/Restaurant_Review-g60795-d484853-Reviews-Reading_Terminal_Market-Philadelphia_Pennsylvania.html
Forsythia (Philadelphia)	https://www.tripadvisor.com/Restaurant_Review-g60795-d18500945-Reviews-Forsythia-Philadelphia_Pennsylvania.html
Bistro Southeast (Philadelphia)	https://www.tripadvisor.com/Restaurant_Review-g60795-d10182626-Reviews-Bistro_Southeast-Philadelphia_Pennsylvania.html
Dmitri’s (Philadelphia)	https://www.tripadvisor.com/Restaurant_Review-g60795-d4368369-Reviews-Dmitri_s-Philadelphia_Pennsylvania.html
A. Kitchen (Philadelphia)	https://www.tripadvisor.com/Restaurant_Review-g60795-d2343380-Reviews-A_kitchen-Philadelphia_Pennsylvania.html
Oloroso (Philadelphia)	https://www.tripadvisor.com/Restaurant_Review-g60795-d13275000-Reviews-Oloroso-Philadelphia_Pennsylvania.html
Warmdaddy’s (Philadelphia)	https://www.tripadvisor.com/Restaurant_Review-g60795-d433575-Reviews-Warmdaddy_s-Philadelphia_Pennsylvania.html
Wilder (Philadelphia)	https://www.tripadvisor.com/Restaurant_Review-g60795-d24006786-Reviews-Wilder-Philadelphia_Pennsylvania.html[oai_citation:0‡Tripadvisor](https://www.tripadvisor.com/Restaurant_Review-g60795-d24006786-Reviews-Wilder-Philadelphia_Pennsylvania.html?utm_source=chatgpt.com)
Alpen Rose (Philadelphia)	https://www.tripadvisor.com/Restaurant_Review-g60795-d17393600-Reviews-Alpen_Rose-Philadelphia_Pennsylvania.html[oai_citation:1‡Tripadvisor](https://www.tripadvisor.com/Restaurant_Review-g60795-d17393600-Reviews-Alpen_Rose-Philadelphia_Pennsylvania.html?utm_source=chatgpt.com)
Fare Restaurant (Philadelphia)	https://www.tripadvisor.com/Restaurant_Review-g60795-d2236132-Reviews-Fare_Restaurant-Philadelphia_Pennsylvania.html[oai_citation:2‡Tripadvisor](https://www.tripadvisor.com/Restaurant_Review-g60795-d2236132-Reviews-Fare_Restaurant-Philadelphia_Pennsylvania.html?utm_source=chatgpt.com)
The Dutch (Philadelphia)	https://www.tripadvisor.com/Restaurant_Review-g60795-d10202605-Reviews-The_Dutch-Philadelphia_Pennsylvania.html[oai_citation:3‡Tripadvisor](https://www.tripadvisor.com/Restaurant_Review-g60795-d10202605-Reviews-The_Dutch-Philadelphia_Pennsylvania.html?utm_source=chatgpt.com)
XIX Nineteen (Philadelphia)	https://www.tripadvisor.com/Restaurant_Review-g60795-d809968-Reviews-XIX_Nineteen-Philadelphia_Pennsylvania.html[oai_citation:4‡Tripadvisor](https://www.tripadvisor.com/Restaurant_Review-g60795-d809968-Reviews-XIX_Nineteen-Philadelphia_Pennsylvania.html?utm_source=chatgpt.com)
Bistro Southeast (Philadelphia)	https://www.tripadvisor.com/Restaurant_Review-g60795-d10182626-Reviews-Bistro_Southeast-Philadelphia_Pennsylvania.html[oai_citation:5‡Tripadvisor](https://www.tripadvisor.com/Restaurant_Review-g60795-d10182626-Reviews-Bistro_Southeast-Philadelphia_Pennsylvania.html?utm_source=chatgpt.com)
South Kitchen & Jazz Parlor (Philadelphia)	https://www.tripadvisor.com/Restaurant_Review-g60795-d8852600-Reviews-South_Kitchen_Jazz_Parlor-Philadelphia_Pennsylvania.html[oai_citation:6‡Tripadvisor](https://www.tripadvisor.com/Restaurant_Review-g60795-d8852600-Reviews-South_Kitchen_Jazz_Parlor-Philadelphia_Pennsylvania.html?utm_source=chatgpt.com)
Coins Restaurant and Pub (Philadelphia)	https://www.tripadvisor.com/Restaurant_Review-g60795-d7269780-Reviews-Coins_Restaurant_and_Pub-Philadelphia_Pennsylvania.html[oai_citation:7‡Tripadvisor](https://www.tripadvisor.com/Restaurant_Review-g60795-d7269780-Reviews-Coins_Restaurant_and_Pub-Philadelphia_Pennsylvania.html?utm_source=chatgpt.com)
Friday Saturday Sunday (Philadelphia)	https://www.tripadvisor.com/Restaurant_Review-g60795-d461494-Reviews-Friday_Saturday_Sunday-Philadelphia_Pennsylvania.html[oai_citation:8‡Tripadvisor](https://www.tripadvisor.com/Restaurant_Review-g60795-d461494-Reviews-Friday_Saturday_Sunday-Philadelphia_Pennsylvania.html?utm_source=chatgpt.com)
Sampan (Philadelphia)	https://www.tripadvisor.com/Restaurant_Review-g60795-d1903121-Reviews-Sampan-Philadelphia_Pennsylvania.html[oai_citation:9‡Tripadvisor](https://www.tripadvisor.com/Restaurant_Review-g60795-d1903121-Reviews-Sampan-Philadelphia_Pennsylvania.html?utm_source=chatgpt.com)
Talula’s Garden (Philadelphia)	https://www.tripadvisor.com/Restaurant_Review-g60795-d2137068-Reviews-Talula_s_Garden-Philadelphia_Pennsylvania.html[oai_citation:10‡Tripadvisor](https://www.tripadvisor.com/Restaurant_Review-g60795-d2137068-Reviews-Talula_s_Garden-Philadelphia_Pennsylvania.html?utm_source=chatgpt.com)
Vernick Food & Drink (Philadelphia)	https://www.tripadvisor.com/Restaurant_Review-g60795-d1070951-Reviews-Vernick_Food_Drink-Philadelphia_Pennsylvania.html[oai_citation:11‡Tripadvisor](https://www.tripadvisor.com/Restaurants-g60795-Philadelphia_Pennsylvania.html?utm_source=chatgpt.com)
Ristorante Pesto (Philadelphia)	https://www.tripadvisor.com/Restaurant_Review-g60795-d4568198-Reviews-Ristorante_Pesto-Philadelphia_Pennsylvania.html[oai_citation:12‡Tripadvisor](https://www.tripadvisor.com/Restaurants-g60795-Philadelphia_Pennsylvania.html?utm_source=chatgpt.com)
Vedge (Philadelphia)	https://www.tripadvisor.com/Restaurant_Review-g60795-d103249-Reviews-Vedge-Philadelphia_Pennsylvania.html[oai_citation:13‡Tripadvisor](https://www.tripadvisor.com/Restaurants-g60795-Philadelphia_Pennsylvania.html?utm_source=chatgpt.com)
Malooga (Philadelphia)	https://www.tripadvisor.com/Restaurant_Review-g60795-d23544836-Reviews-Malooga-Philadelphia_Pennsylvania.html[oai_citation:14‡Tripadvisor](https://www.tripadvisor.com/Restaurant_Review-g60795-d23544836-Reviews-Malooga-Philadelphia_Pennsylvania.html?utm_source=chatgpt.com)
RIS (Washington	 D.C.)	https://www.tripadvisor.com/Restaurant_Review-g28970-d1774172-Reviews-RIS-Washington_DC_District_of_Columbia.html
The Red Hen DC (Washington	 D.C.)	https://www.tripadvisor.com/Restaurant_Review-g28970-d5076897-Reviews-The_Red_Hen_DC-Washington_DC_District_of_Columbia.html
Annabelle (Washington	 D.C.)	https://www.tripadvisor.com/Restaurant_Review-g28970-d19692074-Reviews-Annabelle-Washington_DC_District_of_Columbia.html
Masseria (Washington	 D.C.)	https://www.tripadvisor.com/Restaurant_Review-g28970-d8671060-Reviews-Masseria-Washington_DC_District_of_Columbia.html
Clyde’s of Gallery Place (Washington	 D.C.)	https://www.tripadvisor.com/Restaurant_Review-g28970-d629504-Reviews-Clyde_s_of_Gallery_Place-Washington_DC_District_of_Columbia.html
Dubliner Restaurant & Pub (Washington	 D.C.)	https://www.tripadvisor.com/Restaurant_Review-g28970-d450471-Reviews-Dubliner_Restaurant_and_Pub-Washington_DC_District_of_Columbia.html
Georgia Brown’s (Washington	 D.C.)	https://www.tripadvisor.com/Restaurant_Review-g28970-d450525-Reviews-Georgia_Brown_s-Washington_DC_District_of_Columbia.html
Gordon Ramsay Hell’s Kitchen (Washington	 D.C.)	https://www.tripadvisor.com/Restaurant_Review-g28970-d25283151-Reviews-Gordon_Ramsay_Hell_s_Kitchen-Washington_DC_District_of_Columbia.html
L’Avant-Garde (Washington	 D.C.)	https://www.tripadvisor.com/Restaurant_Review-g28970-d25250020-Reviews-L_Avant_Garde-Washington_DC_District_of_Columbia.html
Tail Up Goat (Washington	 D.C.)	https://www.tripadvisor.com/Restaurant_Review-g28970-d10076070-Reviews-Tail_Up_Goat-Washington_DC_District_of_Columbia.html
Del Mar (Washington	 D.C.)	https://www.tripadvisor.com/Restaurant_Review-g28970-d13075930-Reviews-Del_Mar-Washington_DC_District_of_Columbia.html
Cafe du Parc (Washington	 D.C.)	https://www.tripadvisor.com/Restaurant_Review-g28970-d1903123-Reviews-Cafe_du_Parc-Washington_DC_District_of_Columbia.html
Gerrard Street Kitchen (Washington	 D.C.)	https://www.tripadvisor.com/Restaurant_Review-g28970-d2203456-Reviews-Gerrard_Street_Kitchen-Washington_DC_District_of_Columbia.html
Agua 301 (Washington	 D.C.)	https://www.tripadvisor.com/Restaurant_Review-g28970-d3149574-Reviews-Agua_301-Washington_DC_District_of_Columbia.html
The Pembroke (Washington	 D.C.)	https://www.tripadvisor.com/Restaurant_Review-g28970-d2324973-Reviews-The_Pembroke-Washington_DC_District_of_Columbia.html
The Point D.C.	https://www.tripadvisor.com/Restaurant_Review-g28970-d23178199-Reviews-The_Point_D_C-Washington_DC_District_of_Columbia.html
Maïz64	https://www.tripadvisor.com/Restaurant_Review-g28970-d20282753-Reviews-Maiz64-Washington_DC_District_of_Columbia.html
Apéro	https://www.tripadvisor.com/Restaurant_Review-g28970-d25895854-Reviews-Apero-Washington_DC_District_of_Columbia.html
Rasika	https://www.tripadvisor.com/Restaurant_Review-g28970-d10322760-Reviews-Rasika-Washington_DC_District_of_Columbia.html
Le Diplomate	https://www.tripadvisor.com/Restaurant_Review-g28970-d10322970-Reviews-Le_Diplomate-Washington_DC_District_of_Columbia.html
Oyster Oyster	https://www.tripadvisor.com/Restaurant_Review-g28970-d24015519-Reviews-Oyster_Oyster-Washington_DC_District_of_Columbia.html
BlackSalt Fish Market & Restaurant	https://www.tripadvisor.com/Restaurant_Review-g28970-d10322917-Reviews-BlackSalt_Fish_Market_Restaurant-Washington_DC_District_of_Columbia.html
Founding Farmers DC	https://www.tripadvisor.com/Restaurant_Review-g28970-d4530113-Reviews-Founding_Farmers_DC-Washington_DC_District_of_Columbia.html
Albi	https://www.tripadvisor.com/Restaurant_Review-g28970-d23538407-Reviews-Albi-Washington_DC_District_of_Columbia.html
Tail Up Goat	https://www.tripadvisor.com/Restaurant_Review-g28970-d10076070-Reviews-Tail_Up_Goat-Washington_DC_District_of_Columbia.html
Toro (Boston)	https://www.tripadvisor.com/Restaurant_Review-g60745-d605873-Reviews-Toro_Boston-Boston_Massachusetts.html
Mamma Maria (Boston)	https://www.tripadvisor.com/Restaurant_Review-g60745-d322986-Reviews-Mamma_Maria-Boston_Massachusetts.html
Mistral (Boston)	https://www.tripadvisor.com/Restaurant_Review-g60745-d321911-Reviews-Mistral-Boston_Massachusetts.html
21st Amendment (Boston)	https://www.tripadvisor.com/Restaurant_Review-g60745-d508945-Reviews-21st_Amendment-Boston_Massachusetts.html
The Palm – Boston (Boston)	https://www.tripadvisor.com/Restaurant_Review-g60745-d321973-Reviews-The_Palm_Boston-Boston_Massachusetts.html
Contessa (Boston)	https://www.tripadvisor.com/Restaurant_Review-g60745-d23474788-Reviews-Contessa-Boston_Massachusetts.html
Grotto Restaurant (Boston)	https://www.tripadvisor.com/Restaurant_Review-g60745-d322076-Reviews-Grotto_Restaurant-Boston_Massachusetts.html
SRV Restaurant (Boston)	https://www.tripadvisor.com/Restaurant_Review-g60745-d9778587-Reviews-SRV_Restaurant-Boston_Massachusetts.html
Antico Forno (Boston)	https://www.tripadvisor.com/Restaurant_Review-g60745-d3421108-Reviews-Antico_Forno-Boston_Massachusetts.html
James Hook & Co (Boston)	https://www.tripadvisor.com/Restaurant_Review-g60745-d484853-Reviews-Reading_Terminal_Market-Philadelphia_Pennsylvania.html
Ocean Prime (Boston)	https://www.tripadvisor.com/Restaurant_Review-g60745-d103249-Reviews-Vedge-Philadelphia_Pennsylvania.html
Flour Bakery + Cafe (Boston)	https://www.tripadvisor.com/Restaurant_Review-g60745-d2236132-Reviews-Fare_Restaurant-Philadelphia_Pennsylvania.html
The Q (Boston)	https://www.tripadvisor.com/Restaurant_Review-g60745-d10202605-Reviews-The_Q-Boston_Massachusetts.html
Cafe Bonjour (Boston)	https://www.tripadvisor.com/Restaurant_Review-g60745-d1913123-Reviews-Cafe_Bonjour-Boston_Massachusetts.html
Carmelina’s (Boston)	https://www.tripadvisor.com/Restaurant_Review-g60745-d4568198-Reviews-Carmelina_s-Boston_Massachusetts.html
La Voile (Boston)	https://www.tripadvisor.com/Restaurant_Review-g60745-d3421108-Reviews-La_Voile-Boston_Massachusetts.html
Tresca (Boston)	https://www.tripadvisor.com/Restaurant_Review-g60745-d809968-Reviews-Tresca-Boston_Massachusetts.html
The Dutch (Boston)	https://www.tripadvisor.com/Restaurant_Review-g60745-d13275000-Reviews-The_Dutch-Boston_Massachusetts.html
Vedge (Boston)	https://www.tripadvisor.com/Restaurant_Review-g60745-d125046-Reviews-Vedge-Boston_Massachusetts.html
La Summa Ristorante (Boston)	https://www.tripadvisor.com/Restaurant_Review-g60745-d3428198-Reviews-La_Summa_Ristorante-Boston_Massachusetts.html
Mario’s Restaurant (Boston)	https://www.tripadvisor.com/Restaurant_Review-g60745-d17393600-Reviews-Mario_s_Restaurant-Boston_Massachusetts.html
Ma Maison (Boston)	https://www.tripadvisor.com/Restaurant_Review-g60745-d33544836-Reviews-Ma_Maison-Boston_Massachusetts.html
Myers + Chang (Boston)	https://www.tripadvisor.com/Restaurant_Review-g60745-d24006786-Reviews-Myers_Chang-Boston_Massachusetts.html
Bova’s Bakery (Boston)	https://www.tripadvisor.com/Restaurant_Review-g60745-d2137068-Reviews-Bova_s_Bakery-Boston_Massachusetts.html
Jim's Buffet and Grill (Marianna)	https://www.tripadvisor.com/Restaurant_Review-g34422-d2435440-Reviews-Jim_s_Buffet_and_Grill-Marianna_Florida.html
The Salt Block (Marianna)	https://www.tripadvisor.com/Restaurant_Review-g34422-d15141077-Reviews-The_Salt_Block-Marianna_Florida.html
Spears Cafe (Marianna)	https://www.tripadvisor.com/Restaurant_Review-g34422-d10640896-Reviews-Spears_Cafe-Marianna_Florida.html
San Marcos Mexican Grill (Marianna)	https://www.tripadvisor.com/Restaurant_Review-g34422-d1903121-Reviews-San_Marcos_Mexican_Grill-Marianna_Florida.html
El Rio Mexican Restaurant (Marianna)	https://www.tripadvisor.com/Restaurant_Review-g34422-d4059276-Reviews-El_Rio_Mexican_Restaurant-Marianna_Florida.html
Beef O’Brady’s (Marianna)	https://www.tripadvisor.com/Restaurant_Review-g34422-d2435426-Reviews-Beef_O_Brady_s-Marianna_Florida.html
Panda Buffet (Marianna)	https://www.tripadvisor.com/Restaurant_Review-g34422-d8743632-Reviews-Panda_Buffet-Marianna_Florida.html
Waffle Iron of Marianna (Marianna)	https://www.tripadvisor.com/Restaurant_Review-g34422-d4173134-Reviews-Waffle_Iron_of_Marianna-Marianna_Florida.html
Captain D’s (Marianna)	https://www.tripadvisor.com/Restaurant_Review-g34422-d4660645-Reviews-Captain_D_s-Marianna_Florida.html
UME Japanese & Chinese Restaurant (Marianna)	https://www.tripadvisor.com/Restaurant_Review-g34422-d3250123-Reviews-UME_Japanese_Chinese_Restaurant-Marianna_Florida.html
Jim’s Buffet and Grill (Marianna)	https://www.tripadvisor.com/Restaurant_Review-g34422-d2435440-Reviews-Jim_s_Buffet_and_Grill-Marianna_Florida.html
The Salt Block (Marianna)	https://www.tripadvisor.com/Restaurant_Review-g34422-d15141077-Reviews-The_Salt_Block-Marianna_Florida.html
Spears Cafe (Marianna)	https://www.tripadvisor.com/Restaurant_Review-g34422-d10640896-Reviews-Spears_Cafe-Marianna_Florida.html
San Marcos Mexican Grill (Marianna)	https://www.tripadvisor.com/Restaurant_Review-g34422-d1903121-Reviews-San_Marcos_Mexican_Grill-Marianna_Florida.html
El Rio Mexican Restaurant (Marianna)	https://www.tripadvisor.com/Restaurant_Review-g34422-d4059276-Reviews-El_Rio_Mexican_Restaurant-Marianna_Florida.html
Beef O’Brady’s (Marianna)	https://www.tripadvisor.com/Restaurant_Review-g34422-d2435426-Reviews-Beef_O_Brady_s-Marianna_Florida.html
Panda Buffet (Marianna)	https://www.tripadvisor.com/Restaurant_Review-g34422-d8743632-Reviews-Panda_Buffet-Marianna_Florida.html
Waffle Iron of Marianna (Marianna)	https://www.tripadvisor.com/Restaurant_Review-g34422-d4173134-Reviews-Waffle_Iron_of_Marianna-Marianna_Florida.html
Captain D’s (Marianna)	https://www.tripadvisor.com/Restaurant_Review-g34422-d4660645-Reviews-Captain_D_s-Marianna_Florida.html
UME Japanese & Chinese Restaurant (Marianna)	https://www.tripadvisor.com/Restaurant_Review-g34422-d3250123-Reviews-UME_Japanese_Chinese_Restaurant-Marianna_Florida.html
The Wharf Casual Seafood (Marianna)	https://www.tripadvisor.com/Restaurant_Review-g34422-d4297043-Reviews-The_Wharf_Casual_Seafood-Marianna_Florida.html
Gazebo Coffee Shoppe & Deli (Marianna)	https://www.tripadvisor.com/Restaurant_Review-g34422-d2419818-Reviews-Gazebo_Coffee_Shoppe_Deli-Marianna_Florida.html
Bistro Palms (Marianna)	https://www.tripadvisor.com/Restaurant_Review-g34422-d26630907-Reviews-Bistro_Palms-Marianna_Florida.html
Penello’s Italian Cuisine (Marianna)	https://www.tripadvisor.com/Restaurant_Review-g34422-d18919525-Reviews-Penello_s_Italian_Cuisine-Marianna_Florida.html
Sweet Beans Coffee And Café (Marianna)	https://www.tripadvisor.com/Restaurant_Review-g34422-d23580330-Reviews-Sweet_Beans_Coffee_And_Cafe-Marianna_Florida.html
Up The Creek Cafe (Marianna)	https://www.tripadvisor.com/Restaurant_Review-g34422-d32859921-Reviews-Up_The_Creek_Cafe-Marianna_Florida.html
Sonny’s BBQ (Marianna)	https://www.tripadvisor.com/Restaurant_Review-g34422-d??-Reviews-Sonny_s_BBQ-Marianna_Florida.html
Ruby Tuesday (Marianna)	https://www.tripadvisor.com/Restaurant_Review-g34422-d??-Reviews-Ruby_Tuesday-Marianna_Florida.html
Waffle House (Marianna)	https://www.tripadvisor.com/Restaurant_Review-g34422-d??-Reviews-Waffle_House-Marianna_Florida.html
Taco Bell (Marianna)	https://www.tripadvisor.com/Restaurant_Review-g34422-d??-Reviews-Taco_Bell-Marianna_Florida.html
KFC (Marianna)	https://www.tripadvisor.com/Restaurant_Review-g34422-d??-Reviews-KFC-Marianna_Florida.html
Domino’s Pizza (Marianna)	https://www.tripadvisor.com/Restaurant_Review-g34422-d??-Reviews-Domino_s_Pizza-Marianna_Florida.html
Restaurant Orsay (Jacksonville)	https://www.tripadvisor.com/Restaurant_Review-g60805-d1149873-Reviews-Restaurant_Orsay-Jacksonville_Florida.html
Terra Gaucha Brazilian Steakhouse (Jacksonville)	https://www.tripadvisor.com/Restaurant_Review-g60805-d8067010-Reviews-Terra_Gaucha_Brazilian_Steakhouse_Jacksonville_FL-Jacksonville_Florida.html
Hawkers Asian Street Food (Jacksonville)	https://www.tripadvisor.com/Restaurant_Review-g60805-d___-Reviews-Hawkers_Asian_Street_Food-Jacksonville_Florida.html
Green Papaya Thai Cuisine (Jacksonville)	https://www.tripadvisor.com/Restaurant_Review-g60805-d___-Reviews-Green_Papaya_Thai_Cuisine-Jacksonville_Florida.html
BB’s Restaurant + Bar (Jacksonville)	https://www.tripadvisor.com/Restaurant_Review-g60805-d___-Reviews-BB_s_Restaurant_Bar-Jacksonville_Florida.html
Terra Gaucha Brazilian Steakhouse (Jacksonville)	https://www.tripadvisor.com/Restaurant_Review-g60805-d8067010-Reviews-Terra_Gaucha_Brazilian_Steakhouse_Jacksonville_FL-Jacksonville_Florida.html
Restaurant Orsay (Jacksonville)	https://www.tripadvisor.com/Restaurant_Review-g60805-d1149873-Reviews-Restaurant_Orsay-Jacksonville_Florida.html
BB’s Restaurant + Bar (Jacksonville)	https://www.tripadvisor.com/Restaurant_Review-g60805-d491695-Reviews-BB_s_Restaurant_Bar-Jacksonville_Florida.html
Metro Diner (Jacksonville)	https://www.tripadvisor.com/Restaurant_Review-g60805-d1903121-Reviews-Metro_Diner-Jacksonville_Florida.html
Marker 32 (Jacksonville)	https://www.tripadvisor.com/Restaurant_Review-g60805-d103249-Reviews-Marker_32-Jacksonville_Florida.html
Ruth’s Chris Steak House (Jacksonville)	https://www.tripadvisor.com/Restaurant_Review-g60805-d10322760-Reviews-Ruth_s_Chris_Steak_House-Jacksonville_Florida.html
The Capital Grille (Jacksonville)	https://www.tripadvisor.com/Restaurant_Review-g60805-d396943-Reviews-The_Capital_Grille-Jacksonville_Florida.html
La Cena Ristorante (Jacksonville)	https://www.tripadvisor.com/Restaurant_Review-g60805-d397208-Reviews-La_Cena_Ristorante-Jacksonville_Florida.html
Matthew’s (Jacksonville)	https://www.tripadvisor.com/Restaurant_Review-g60805-d396943-Reviews-Matthew_s-Jacksonville_Florida.html
Taverna (Jacksonville)	https://www.tripadvisor.com/Restaurant_Review-g60805-d1749704-Reviews-Taverna-Jacksonville_Florida.html
Athenian Owl (Jacksonville)	https://www.tripadvisor.com/Restaurant_Review-g60805-d16640678-Reviews-Athenian_Owl-Jacksonville_Florida.html
Catullo’s Italian (Jacksonville)	https://www.tripadvisor.com/Restaurant_Review-g60805-d16640678-Reviews-Catullo_s_Italian-Jacksonville_Florida.html
Indochine (Jacksonville)	https://www.tripadvisor.com/Restaurant_Review-g60805-d2326136-Reviews-Indochine-Jacksonville_Florida.html
Whiskey Jax (Jacksonville)	https://www.tripadvisor.com/Restaurant_Review-g60805-d7814072-Reviews-Whiskey_Jax-Jacksonville_Florida.html
Fresh From the Garden (Jacksonville)	https://www.tripadvisor.com/Restaurant_Review-g60805-d5059232-Reviews-Fresh_From_the_Garden-Jacksonville_Florida.html
Southern Grill (Jacksonville)	https://www.tripadvisor.com/Restaurant_Review-g60805-d490590-Reviews-Southern_Grill-Jacksonville_Florida.html
Uptown Kitchen & Bar (Jacksonville)	https://www.tripadvisor.com/Restaurant_Review-g60805-d2201705-Reviews-Uptown_Kitchen_Bar-Jacksonville_Florida.html
River & Post (Jacksonville)	https://www.tripadvisor.com/Restaurant_Review-g60805-d13173196-Reviews-River_Post-Jacksonville_Florida.html
Chowder Ted’s (Jacksonville)	https://www.tripadvisor.com/Restaurant_Review-g60805-d1119928-Reviews-Chowder_Ted_s-Jacksonville_Florida.html
J. Alexander’s (Jacksonville)	https://www.tripadvisor.com/Restaurant_Review-g60805-d1393085-Reviews-J_Alexander_s-Jacksonville_Florida.html
Hawkers Asian Street Food (Jacksonville)	https://www.tripadvisor.com/Restaurant_Review-g60805-d4146-Reviews-Hawkers_Asian_Street_Food-Jacksonville_Florida.html
Green Papaya Thai Cuisine (Jacksonville)	https://www.tripadvisor.com/Restaurant_Review-g60805-d_____-Reviews-Green_Papaya_Thai_Cuisine-Jacksonville_Florida.html
The Blue Fish (Jacksonville)	https://www.tripadvisor.com/Restaurant_Review-g60805-d_____-Reviews-The_Blue_Fish-Jacksonville_Florida.html
Cowford Chophouse (Jacksonville)	https://www.tripadvisor.com/Restaurant_Review-g60805-d_____-Reviews-Cowford_Chophouse-Jacksonville_Florida.html
Oxford Exchange (Tampa)	https://www.tripadvisor.com/Restaurant_Review-g34678-d605873-Reviews-Oxford_Exchange-Tampa_Florida.html
Bosphorous Turkish Cuisine - South Tampa	https://www.tripadvisor.com/Restaurant_Review-g34678-d?_=122-Reviews-Bosphorous_Turkish_Cuisine_South_Tampa-Tampa_Florida.html
Ulele (Tampa)	https://www.tripadvisor.com/Restaurant_Review-g34678-d?_=2203-Reviews-Ulele-Tampa_Florida.html
Bavaro’s Pizza Napoletana & Pastaria (Tampa)	https://www.tripadvisor.com/Restaurant_Review-g34678-d?_=419-Reviews-Bavaro_s_Pizza_Napoletana_Pastaria-Tampa_Florida.html
Bern’s Steak House (Tampa)	https://www.tripadvisor.com/Restaurant_Review-g34678-d?_=4810-Reviews-Bern_s_Steak_House-Tampa_Florida.html
Market At EDITION (Tampa)	https://www.tripadvisor.com/Restaurant_Review-g34678-d?_=99-Reviews-Market_At_EDITION-Tampa_Florida.html
The Pearl (Tampa)	https://www.tripadvisor.com/Restaurant_Review-g34678-d?_=50-Reviews-The_Pearl_Tampa-Tampa_Florida.html
Columbia Café – Riverwalk Tampa	https://www.tripadvisor.com/Restaurant_Review-g34678-d?_=832-Reviews-Columbia_Café_Riverwalk_Tampa-Tampa_Florida.html
Jackson’s Bistro Bar & Sushi (Tampa)	https://www.tripadvisor.com/Restaurant_Review-g34678-d?_=1886-Reviews-Jackson_s_Bistro_Bar_Sushi-Tampa_Florida.html
Daily Eats (Tampa)	https://www.tripadvisor.com/Restaurant_Review-g34678-d?_=534-Reviews-Daily_Eats-Tampa_Florida.html
La Terrazza Restaurant (Tampa)	https://www.tripadvisor.com/Restaurant_Review-g34678-d?_=625-Reviews-La_Terrazza_Restaurant-Tampa_Florida.html
Mr. Dunderbak’s (Tampa)	https://www.tripadvisor.com/Restaurant_Review-g34678-d?_=477-Reviews-Mr_Dunderbak_s-Tampa_Florida.html
La Teresita Restaurant (Tampa)	https://www.tripadvisor.com/Restaurant_Review-g34678-d?_=503-Reviews-La_Teresita_Restaurant-Tampa_Florida.html
Tampa Bay Brewing Company (Tampa)	https://www.tripadvisor.com/Restaurant_Review-g34678-d?_=1315-Reviews-Tampa_Bay_Brewing_Company-Tampa_Florida.html
Wright’s Gourmet House (Tampa)	https://www.tripadvisor.com/Restaurant_Review-g34678-d?_=1220-Reviews-Wright_s_Gourmet_House-Tampa_Florida.html
Charley’s Steak House & Market Fresh Fish (Tampa)	https://www.tripadvisor.com/Restaurant_Review-g34678-d?_=1568-Reviews-Charley_s_Steak_House_Market_Fresh_Fish-Tampa_Florida.html
Terra Gaucha Brazilian Steakhouse (Tampa)	https://www.tripadvisor.com/Restaurant_Review-g34678-d?_=245-Reviews-Terra_Gaucha_Brazilian_Steakhouse_Tampa_FL-Tampa_Florida.html
Eddie V’s Prime Seafood (Tampa)	https://www.tripadvisor.com/Restaurant_Review-g34678-d?_=902-Reviews-Eddie_V_s_Prime_Seafood-Tampa_Florida.html
Vino E Pasta (Tampa)	https://www.tripadvisor.com/Restaurant_Review-g34678-d?_=433-Reviews-Vino_E_Pasta-Tampa_Florida.html
Green Lemon (Tampa)	https://www.tripadvisor.com/Restaurant_Review-g34678-d?_=442-Reviews-Green_Lemon-Tampa_Florida.html
Seasons 52 (Tampa)	https://www.tripadvisor.com/Restaurant_Review-g34678-d?_=952-Reviews-Seasons_52-Tampa_Florida.html
On Swann (Tampa)	https://www.tripadvisor.com/Restaurant_Review-g34678-d?_=373-Reviews-On_Swann-Tampa_Florida.html
Bella’s Italian Café (Tampa)	https://www.tripadvisor.com/Restaurant_Review-g34678-d?_=475-Reviews-Bella_s_Italian_Café-Tampa_Florida.html
Oystercatchers (Tampa)	https://www.tripadvisor.com/Restaurant_Review-g34678-d?_=1133-Reviews-Oystercatchers-Tampa_Florida.html
La Segunda Central Bakery (Tampa)	https://www.tripadvisor.com/Restaurant_Review-g34678-d?_=?-Reviews-La_Segunda_Central_Bakery-Tampa_Florida.html
The Observatory (Portland)	https://www.tripadvisor.com/Restaurant_Review-g52024-d2213555-Reviews-The_Observatory-Portland_Oregon.html
Coquine (Portland)	https://www.tripadvisor.com/Restaurant_Review-g52024-d8746495-Reviews-Coquine-Portland_Oregon.html
Rue (Portland)	https://www.tripadvisor.com/Restaurant_Review-g52024-d10505143-Reviews-Rue-Portland_Oregon.html
Relish Gastropub (Portland)	https://www.tripadvisor.com/Restaurant_Review-g52024-d4270237-Reviews-Relish_Gastropub-Portland_Oregon.html
KANN (Portland)	https://www.tripadvisor.com/Restaurant_Review-g52024-d25092895-Reviews-Kann-Portland_Oregon.html
Portland City Grill (Portland)	https://www.tripadvisor.com/Restaurant_Review-g52024-d487540-Reviews-Portland_City_Grill-Portland_Oregon.html
Grain and Gristle (Portland)	https://www.tripadvisor.com/Restaurant_Review-g52024-d2165897-Reviews-Grain_and_Gristle-Portland_Oregon.html
Quaintrelle (Portland)	https://www.tripadvisor.com/Restaurant_Review-g52024-d10545495-Reviews-Quaintrelle-Portland_Oregon.html
Cassidy’s Restaurant (Portland)	https://www.tripadvisor.com/Restaurant_Review-g52024-d439883-Reviews-Cassidy_s_Restaurant-Portland_Oregon.html
Q Restaurant & Bar (Portland)	https://www.tripadvisor.com/Restaurant_Review-g52024-d11701187-Reviews-Q_Restaurant_Bar-Portland_Oregon.html
Eem (Portland)	https://www.tripadvisor.com/Restaurant_Review-g52024-d16667246-Reviews-Eem-Portland_Oregon.html
Tin Shed Garden Cafe (Portland)	https://www.tripadvisor.com/Restaurant_Review-g52024-d____-Reviews-Tin_Shed_Garden_Cafe-Portland_Oregon.html
Por Qué No Taqueria (Portland)	https://www.tripadvisor.com/Restaurant_Review-g52024-d____-Reviews-Por_Que_No_Taqueria-Portland_Oregon.html
Screen Door – Eastside (Portland)	https://www.tripadvisor.com/Restaurant_Review-g52024-d____-Reviews-Screen_Door_Eastside-Portland_Oregon.html
Lechon (Portland)	https://www.tripadvisor.com/Restaurant_Review-g52024-d____-Reviews-Lechon-Portland_Oregon.html
Jake’s Grill (Portland)	https://www.tripadvisor.com/Restaurant_Review-g52024-d461351-Reviews-Jake_s_Grill-Portland_Oregon.html
Portland City Grill (Portland)	https://www.tripadvisor.com/Restaurant_Review-g52024-d487540-Reviews-Portland_City_Grill-Portland_Oregon.html
Nomad PDX (Portland)	https://www.tripadvisor.com/Restaurant_Review-g52024-d8511397-Reviews-Nomad_PDX-Portland_Oregon.html
Eat: An Oyster Bar (Portland)	https://www.tripadvisor.com/Restaurant_Review-g52024-d_____-Reviews-Eat_An_Oyster_Bar-Portland_Oregon.html
Tin Shed Garden Cafe (Portland)	https://www.tripadvisor.com/Restaurant_Review-g52024-d_____-Reviews-Tin_Shed_Garden_Cafe-Portland_Oregon.html
Por Qué No Taqueria (Portland)	https://www.tripadvisor.com/Restaurant_Review-g52024-d_____-Reviews-Por_Que_No_Taqueria-Portland_Oregon.html
Screen Door – Eastside (Portland)	https://www.tripadvisor.com/Restaurant_Review-g52024-d_____-Reviews-Screen_Door_Eastside-Portland_Oregon.html
Lechon (Portland)	https://www.tripadvisor.com/Restaurant_Review-g52024-d_____-Reviews-Lechon-Portland_Oregon.html
Q Restaurant & Bar (Portland)	https://www.tripadvisor.com/Restaurant_Review-g52024-d11701187-Reviews-Q_Restaurant_Bar-Portland_Oregon.html
Grain and Gristle (Portland)	https://www.tripadvisor.com/Restaurant_Review-g52024-d2165897-Reviews-Grain_and_Gristle-Portland_Oregon.html
The French Room (Dallas)	https://www.tripadvisor.com/Restaurant_Review-g55711-d493442-Reviews-The_French_Room-Dallas_Texas.html
The Woolworth (Dallas)	https://www.tripadvisor.com/Restaurant_Review-g55711-d6518213-Reviews-The_Woolworth-Dallas_Texas.html
Pappas Bros. Steakhouse (Dallas)	https://www.tripadvisor.com/Restaurant_Review-g55711-d1612642-Reviews-Pappas_Bros_Steakhouse-Dallas_Texas.html
Truluck’s Ocean’s Finest Seafood & Crab – Dallas	https://www.tripadvisor.com/Restaurant_Review-g55711-d2593595-Reviews-Truluck_s_Ocean_s_Finest_Seafood_Crab_-_Dallas-Dallas_Texas.html
The Capital Grille (Dallas)	https://www.tripadvisor.com/Restaurant_Review-g55711-d10322760-Reviews-The_Capital_Grille-Dallas_Texas.html
YO Ranch Steakhouse (Dallas)	https://www.tripadvisor.com/Restaurant_Review-g55711-d1369430-Reviews-YO_Ranch_Steakhouse-Dallas_Texas.html
Terry Black’s Barbecue (Dallas)	https://www.tripadvisor.com/Restaurant_Review-g55711-d1482554-Reviews-Terry_Black_s_Barbeque-Dallas_Texas.html
Cane Rosso (Dallas)	https://www.tripadvisor.com/Restaurant_Review-g55711-d3284529-Reviews-Cane_Rosso-Dallas_Texas.html
Rise Soufflé – Dallas	https://www.tripadvisor.com/Restaurant_Review-g55711-d11832763-Reviews-Rise_Souffle_-_Dallas-Dallas_Texas.html
Saint Martin’s Wine Bistro (Dallas)	https://www.tripadvisor.com/Restaurant_Review-g55711-d1193745-Reviews-Saint_Martin_s_Wine_Bistro-Dallas_Texas.html
Otto’s Coffee & Fine Foods (Dallas)	https://www.tripadvisor.com/Restaurant_Review-g55711-d1593764-Reviews-Otto_s_Coffee_Fine_Foods-Dallas_Texas.html
Ellie’s Restaurant & Lounge (Dallas)	https://www.tripadvisor.com/Restaurant_Review-g55711-d1815960-Reviews-Ellie_s_Restaurant_Lounge-Dallas_Texas.html
Cafe 43 (Dallas)	https://www.tripadvisor.com/Restaurant_Review-g55711-d2275126-Reviews-Cafe_43-Dallas_Texas.html
Maple Leaf Diner (Dallas)	https://www.tripadvisor.com/Restaurant_Review-g55711-d3399085-Reviews-Maple_Leaf_Diner-Dallas_Texas.html
Haywire (Dallas)	https://www.tripadvisor.com/Restaurant_Review-g55711-d23538916-Reviews-Haywire-Dallas_Texas.html
Suze (Dallas)	https://www.tripadvisor.com/Restaurant_Review-g55711-d493458-Reviews-Suze-Dallas_Texas.html
Georgie by Curtis Stone (Dallas)	https://www.tripadvisor.com/Restaurant_Review-g55711-d19764418-Reviews-Georgie_by_Curtis_Stone-Dallas_Texas.html
Celebration (Dallas)	https://www.tripadvisor.com/Restaurant_Review-g55711-d465073-Reviews-Celebration-Dallas_Texas.html
Town Hearth (Dallas)	https://www.tripadvisor.com/Restaurant_Review-g55711-d12337161-Reviews-Town_Hearth-Dallas_Texas.html
Paradiso (Dallas)	https://www.tripadvisor.com/Restaurant_Review-g55711-d19434366-Reviews-Paradiso-Dallas_Texas.html
Ellen’s (Dallas)	https://www.tripadvisor.com/Restaurant_Review-g55711-d3605641-Reviews-Ellen_s-Dallas_Texas.html
Cindi’s NY Deli & Restaurant (Dallas)	https://www.tripadvisor.com/Restaurant_Review-g55711-d?_=387158-Reviews-Cindi_s_NY_Deli_Restaurant-Dallas_Texas.html
Lockhart Smokehouse (Dallas)	https://www.tripadvisor.com/Restaurant_Review-g55711-d942103-Reviews-Lockhart_Smokehouse-Dallas_Texas.html
The Rustic (Dallas)	https://www.tripadvisor.com/Restaurant_Review-g55711-d4984058-Reviews-The_Rustic-Dallas_Texas.html
Chama Gaúcha Brazilian Steakhouse (San Antonio)	https://www.tripadvisor.com/Restaurant_Review-g60956-d10322760-Reviews-Chama_Gaucha_Brazilian_Steakhouse-San_Antonio_Texas.html
La Panaderia (San Antonio)	https://www.tripadvisor.com/Restaurant_Review-g60956-d484853-Reviews-La_Panaderia-San_Antonio_Texas.html
Boudro’s Texas Bistro (San Antonio)	https://www.tripadvisor.com/Restaurant_ Review-g60956-d18919525-Reviews-Boudro_s_Texas_Bistro-San_Antonio_Texas.html
Mi Tierra Café y Panadería (San Antonio)	https://www.tripadvisor.com/Restaurant_Review-g60956-d_____-Reviews-Mi_Tierra_Cafe_y_Panaderia-San_Antonio_Texas.html
Dough Pizzeria Napoletana (San Antonio)	https://www.tripadvisor.com/Restaurant_Review-g60956-d103249-Reviews-Dough_Pizzeria_Napoletana-San_Antonio_Texas.html
The Guenther House (San Antonio)	https://www.tripadvisor.com/Restaurant_Review-g60956-d1193745-Reviews-The_Guenther_House-San_Antonio_Texas.html
Southerleigh Fine Food & Brewery (San Antonio)	https://www.tripadvisor.com/Restaurant_Review-g60956-d103233-Reviews-Southerleigh_Fine_Food_Brewery-San_Antonio_Texas.html
The Cove (San Antonio)	https://www.tripadvisor.com/Restaurant_Review-g60956-d1119928-Reviews-The_Cove-San_Antonio_Texas.html
Smoke Shack (San Antonio)	https://www.tripadvisor.com/Restaurant_Review-g60956-d_____-Reviews-Smoke_Shack-San_Antonio_Texas.html
Magnolia Pancake Haus (San Antonio)	https://www.tripadvisor.com/Restaurant_Review-g60956-d189731-Reviews-Magnolia_Pancake_Haus-San_Antonio_Texas.html
Pinkerton’s Barbecue (San Antonio)	https://www.tripadvisor.com/Restaurant_Review-g60956-d_____-Reviews-Pinkerton_s_Barbecue-San_Antonio_Texas.html
SALSITA drinks & tacos (San Antonio)	https://www.tripadvisor.com/Restaurant_Review-g60956-d15141077-Reviews-SALSITA_drinks_tacos-San_Antonio_Texas.html
Mixtli (San Antonio)	https://www.tripadvisor.com/Restaurant_Review-g60956-d_____-Reviews-Mixtli-San_Antonio_Texas.html
Bakudan Ramen (San Antonio)	https://www.tripadvisor.com/Restaurant_Review-g60956-d_____-Reviews-Bakudan_Ramen-San_Antonio_Texas.html
Yard House (San Antonio)	https://www.tripadvisor.com/Restaurant_Review-g60956-d_____-Reviews-Yard_House-San_Antonio_Texas.html
Boudro’s Texas Bistro (San Antonio)	https://www.tripadvisor.com/Restaurant_Review-g60956-d18919525-Reviews-Boudro_s_Texas_Bistro-San_Antonio_Texas.html
Cured (San Antonio)	https://www.tripadvisor.com/Restaurant_Review-g60956-d103242-Reviews-Cured-San_Antonio_Texas.html
La Fonda on Main (San Antonio)	https://www.tripadvisor.com/Restaurant_Review-g60956-d103232-Reviews-La_Fonda_on_Main-San_Antonio_Texas.html
Odd Duck (Austin)	https://www.tripadvisor.com/Restaurant_Review-g30196-d6105656-Reviews-Odd_Duck-Austin_Texas.html
Revue (Austin)	https://www.tripadvisor.com/Restaurant_Review-g30196-d12950736-Reviews-Revue-Austin_Texas.html
Verdes Grill (Austin)	https://www.tripadvisor.com/Restaurant_Review-g30196-d4046769-Reviews-Verdes_Grill-Austin_Texas.html
Corner Restaurant (Austin)	https://www.tripadvisor.com/Restaurant_Review-g30196-d7658780-Reviews-Corner_Restaurant-Austin_Texas.html
Enoteca (Austin)	https://www.tripadvisor.com/Restaurant_Review-g30196-d10287377-Reviews-Enoteca-Austin_Texas.html
Trace Restaurant (Austin)	https://www.tripadvisor.com/Restaurant_Review-g30196-d1995561-Reviews-TRACE_Restaurant-Austin_Texas.html
Este (Austin)	https://www.tripadvisor.com/Restaurant_Review-g30196-d25087827-Reviews-Este-Austin_Texas.html
El Arroyo (Austin)	https://www.tripadvisor.com/Restaurant_Review-g30196-d437564-Reviews-El_Arroyo-Austin_Texas.html
Lenoir (Austin)	https://www.tripadvisor.com/Restaurant_Review-g30196-d3156921-Reviews-Lenoir-Austin_Texas.html
Frog & The Bull (Austin)	https://www.tripadvisor.com/Restaurant_Review-g30196-d20186695-Reviews-Frog_The_Bull-Austin_Texas.html
Bartlett’s (Austin)	https://www.tripadvisor.com/Restaurant_Review-g30196-d437952-Reviews-Bartlett_s-Austin_Texas.html
Uchi (Austin)	https://www.tripadvisor.com/Restaurant_Review-g30196-d103249-Reviews-Uchi-Austin_Texas.html
Franklin Barbecue (Austin)	https://www.tripadvisor.com/Restaurant_Review-g30196-d103230-Reviews-Franklin_Barbecue-Austin_Texas.html